key,instantiation-moment,heading,writer,piece-of-text,email
peep-01,2021/02/13 19:39,Title 1,Juan José Álvarez Campanón,An interesting book for reading,juaalvcam@alum.us.es
peep-02,2019/02/18 22:39,Title 2,Rubén Suárez David,The life isn't save,rubsuadav@alum.us.es
peep-03,2020/07/24 01:25,Title 3,Jesús Cordero Díaz,I'm very happy today!,jescordia@alum.us.es
peep-04,2020/05/08 14:55,Title 4,Nicolás Sánchez Mendoza,You can trust on me,null
peep-05,2021/12/13 12:13,Title 5,Roberto Paz Rivera,I would like to fly,null
peep-06,2019/03/27 03:37,Title 6,Miguel Ángel Romalde Dorado,I think you can show me important things,null
peep-07,2022/03/22 23:34,Title 7,Miguel Ángel Romalde Dorado,I think you can show me important things,null
peep-08,2022/03/21 15:00,Title 8,Rubén Suárez Davd,This peep will be shown on the navigator view,rubsuadav@alum.us.es
peep-09,2022/05/02 10:00,Title 9,Nicolás Sánchez Mendoza,You should have read boo,nicsanmen@alum.us.es
peep-10,1900/01/08 15:45,Title 10,Roberto Paz Rivera,Do you think that this peep will be on the navigator view?,null
